<?xml version="1.0"?>
<project xsi:schemaLocation="http://maven.apache.org/POM/4.0.0 http://maven.apache.org/xsd/maven-4.0.0.xsd" xmlns="http://maven.apache.org/POM/4.0.0"
	 xmlns:xsi="http://www.w3.org/2001/XMLSchema-instance">
  <modelVersion>4.0.0</modelVersion>
  <parent>
    <groupId>org.apache.pig</groupId>
    <artifactId>pig</artifactId>
    <version>0.12.0-SNAPSHOT</version>
  </parent>
  <artifactId>pig-core</artifactId>
  <name>pig-bzip2</name>
  <url>http://maven.apache.org</url>
  <properties>
    <project.build.sourceEncoding>UTF-8</project.build.sourceEncoding>
  </properties>
  <dependencies>
    <dependency>
      <groupId>${project.groupId}</groupId>
      <artifactId>pig-bzip2</artifactId>
      <version>${project.version}</version>
    </dependency>
    <dependency>
      <groupId>${project.groupId}</groupId>
      <artifactId>pig-shock</artifactId>
      <version>${project.version}</version>
    </dependency>
  </dependencies>
  <build>
    <plugins>
      <plugin>
        <groupId>org.antlr</groupId>
        <artifactId>antlr3-maven-plugin</artifactId>
        <version>${antlr.version}</version>
        <executions>
          <execution>
            <goals>
              <goal>antlr</goal>
            </goals>
          </execution>
        </executions>
      </plugin>
      <plugin>
	<groupId>org.codehaus.mojo</groupId>
	<artifactId>build-helper-maven-plugin</artifactId>
	<executions>
          <execution>
	    <id>add-source</id>
            <phase>generate-sources</phase>
            <goals><goal>add-source</goal></goals>
            <configuration>
              <sources>
                <source>${basedir}/src/main/shims/hadoop${hadoopversion}</source>
		<source>${project.build.directory}/generated-sources/antlr3</source>
		<source>${project.build.directory}/generated-sources/javacc</source>
		<source>${project.build.directory}/generated-sources/jjtree</source>
              </sources>
            </configuration>
          </execution>
	  <execution>
	    <id>add-test-source</id>
            <phase>generate-test-sources</phase>
            <goals><goal>add-test-source</goal></goals>
            <configuration>
              <sources>
                <source>${basedir}/src/test/shims/hadoop${hadoopversion}</source>
		<source>${project.build.directory}/test-generated-sources/javacc</source>
		<source>${project.build.directory}/generated-sources/jjtree</source>
              </sources>
            </configuration>
          </execution>
	</executions>
      </plugin>
      <plugin>
	<groupId>org.apache.maven.plugins</groupId>
	<artifactId>maven-jar-plugin</artifactId>
	<version>2.2</version>
	<executions>
         <execution>
           <goals>
             <goal>test-jar</goal>
           </goals>
         </execution>
	</executions>
      </plugin>
      <plugin>
        <groupId>org.codehaus.mojo</groupId>
        <artifactId>javacc-maven-plugin</artifactId>
        <version>2.6</version>
        <executions>
          <execution>
            <id>javacc</id>
            <goals>
              <goal>javacc</goal>
            </goals>
          </execution>
	  <execution>
            <id>test</id>
            <phase>generate-test-sources</phase>
            <goals>
              <goal>jjtree-javacc</goal>
            </goals>
            <configuration>
              <sourceDirectory>src/test/javacc</sourceDirectory>
	      <outputDirectory>${project.build.directory}/test-generated-sources/javacc</outputDirectory>
            </configuration>
          </execution>
        </executions>
      </plugin>
      <plugin>
        <artifactId>maven-assembly-plugin</artifactId>
        <version>2.4</version>
        <configuration>
          <descriptors>
            <descriptor>src/main/assembly/0.10.0.xml</descriptor>
          </descriptors>
        </configuration>
      </plugin>
    </plugins>
  </build>
</project>
